genre,song_file,song_index,lyrics
blues,blues.00000.wav,0,"I woke up this morning, feeling so alone, My baby left me, and I'm far from home"
blues,blues.00001.wav,1,"I said night time is the right time to be with the one you love. You know when night come baby I know you so far away I'm in the mood. I'm in the mood"
blues,blues.00002.wav,2,"We get so with me baby. Then I know you can do. We get so with me baby. Then I know you can do. Then you need me want to need you. Then you know you're standing a few"
blues,blues.00003.wav,3,"My Jessica Jane. I had a friend one time."
blues,blues.00004.wav,4,"I didn't care what you didn't love. I was flipping out in the house. What boy from the town people? I walked down parkway. Do you know what I'm talking about"
blues,blues.00005.wav,5,"Baby my honey lady sugar sugar mama. Sugar mama ease. Baby braggin' 'bout you sugar sugar mama."
blues,blues.00006.wav,6,"My baby let me in the morning. People get up on four o'clock. She let me green and green and. People that I'm woke up Friday"
blues,blues.00007.wav,7,"Train whistle blowing, midnight rain falling, Heart keeps calling, my baby's name"
blues,blues.00008.wav,8,"Mississippi river flowing, carrying my blues, Nothing left for me here, nothing left to lose"
blues,blues.00009.wav,9,"Got my old guitar, strings are wearing thin, Singing these blues is where I always begin"
blues,blues.00010.wav,10,"Empty whiskey glass, empty bed at night, Everything's gone wrong, nothing feels right"
blues,blues.00011.wav,11,"Walking down that lonesome road, carrying a heavy load, Blues got me, won't let me go"
blues,blues.00012.wav,12,"Moon is high, stars are bright, But my heart feels dark tonight"
blues,blues.00013.wav,13,"She took my heart when she walked away, Now I'm singing blues every day"
blues,blues.00014.wav,14,"Rain on the rooftop, tears in my eyes, Missing my baby under these gray skies"
blues,blues.00015.wav,15,"Greyhound bus leaving town, I'm staying here feeling down"
blues,blues.00016.wav,16,"My dog died, my woman's gone, Can't find a reason to carry on"
blues,blues.00017.wav,17,"Juke joint jumping, people having fun, But my dancing days are done"
blues,blues.00018.wav,18,"Picked my guitar, played a sad refrain, Trying to ease this constant pain"
blues,blues.00019.wav,19,"The sun don't shine like it used to do, Everything changed when I lost you"
blues,blues.00020.wav,20,"Whiskey helps for a little while, Then the blues come back with their bitter smile"
blues,blues.00021.wav,21,"Cotton fields empty, wind blowing free, Just like my heart's empty, just like me"
blues,blues.00022.wav,22,"Trouble in mind, I'm so blue, Thought I'd lost my worrying mind"
blues,blues.00023.wav,23,"Early in the morning, when the rooster crows, That's when my loneliness shows"
blues,blues.00024.wav,24,"Got the mean old blues, from my head to my shoes"
blues,blues.00025.wav,25,"Standing at the crossroads, don't know which way to go, Life's been hard, moving oh so slow"
blues,blues.00026.wav,26,"My baby's gone, left me here to weep, Promises she made, promises she couldn't keep"
blues,blues.00027.wav,27,"Cold wind blowing through the pines, Thinking about better times"
blues,blues.00028.wav,28,"Got a hole in my pocket, hole in my shoe, Hole in my heart thinking about you"
blues,blues.00029.wav,29,"Smoke-filled room, cheap guitar, This is how I heal my scar"
blues,blues.00030.wav,30,"Miss my home, miss my bed, So many foolish things I've said"
blues,blues.00031.wav,31,"Grey skies above, mud below, Nowhere left for me to go"
blues,blues.00032.wav,32,"My mama told me, son don't you cry, But mama, I can't help it, I just want to die"
blues,blues.00033.wav,33,"Wore out my welcome, wore out my shoes, Got nothing left except these blues"
blues,blues.00034.wav,34,"River deep, mountain high, But my love for you will never die"
blues,blues.00035.wav,35,"Got a letter today, written in blue, Saying she don't love me, saying we're through"
blues,blues.00036.wav,36,"Crow flies at midnight, owl hoots at noon, My life's out of rhythm, out of tune"
blues,blues.00037.wav,37,"Dust on the Bible, dust on my soul, Trying to find my way back home"
blues,blues.00038.wav,38,"Broken string on my guitar, Broken heart, that's what we are"
blues,blues.00039.wav,39,"Took my last dollar to the pawn shop man, Tried to buy back my wedding band"
blues,blues.00040.wav,40,"Moonlight through the window pane, Memories driving me insane"
blues,blues.00041.wav,41,"Crying won't help you, praying won't do no good, When you're lonesome, lonesome feels like it should"
blues,blues.00042.wav,42,"My back's against the wall, Can't hear my savior's call"
blues,blues.00043.wav,43,"Train don't stop here anymore, Love don't knock on my door"
blues,blues.00044.wav,44,"I've been down so long, it looks like up to me"
blues,blues.00045.wav,45,"Catfish biting, river running high, Tears running down from my eye"
blues,blues.00046.wav,46,"If the river was whiskey, and I was a diving duck, I'd swim to the bottom and never come up"
blues,blues.00047.wav,47,"My woman she's long, she's tall, She sleeps with her head in the kitchen, her feet in the hall"
blues,blues.00048.wav,48,"Going down to the crossroads, try to flag a ride, I'm going down to the crossroads, try to flag a ride"
blues,blues.00049.wav,49,"I ain't got no money, I ain't got no clothes, I ain't got nobody, heaven knows"
blues,blues.00050.wav,50,"Woke up this morning with the blues wrapped around my bed"
blues,blues.00051.wav,51,"I've got to keep moving, I've got to keep moving, Blues falling down like hail"
blues,blues.00052.wav,52,"And I can't be satisfied, I just can't keep from crying"
blues,blues.00053.wav,53,"My baby, she wrote me a letter, She wrote me a letter, said she couldn't do no better"
blues,blues.00054.wav,54,"Now when you see me coming, raise your window high, When you see me going, hang your head and cry"
blues,blues.00055.wav,55,"Sittin' on top of the world, Just a-singin' and a-playin'"
blues,blues.00056.wav,56,"I've been loving you baby, for a long long time, I've been loving you baby, for a long long time"
blues,blues.00057.wav,57,"My mama told me, leave that girl alone, But mama that's the girl that's going to carry me home"
blues,blues.00058.wav,58,"You know I love you baby, better than I love myself, You know I love you baby, better than I love myself"
blues,blues.00059.wav,59,"If I don't love you baby, grits ain't groceries, eggs ain't poultry, and Mona Lisa was a man"
blues,blues.00060.wav,60,"The sun's gonna shine in my back door someday"
blues,blues.00061.wav,61,"I'd rather be blind, crippled and crazy, Than to see you walk away from me baby"
blues,blues.00062.wav,62,"You can't lose what you never had, You can't spend what you ain't got"
blues,blues.00063.wav,63,"My mama she told me, before she passed away, Be careful who you love, and be careful what you say"
blues,blues.00064.wav,64,"I'm a man, I'm a full grown man, I'm a man, I'm a rolling stone"
blues,blues.00065.wav,65,"Baby please don't go, down to New Orleans, You know I love you so"
blues,blues.00066.wav,66,"I'm going away to wear you off my mind"
blues,blues.00067.wav,67,"Let your hair down baby, let your hair down baby, Let your hair down baby, let your hair hang down"
blues,blues.00068.wav,68,"I'm going to Chicago, sorry but I can't take you"
blues,blues.00069.wav,69,"How many more years, have I got to let you dog me around?"
blues,blues.00070.wav,70,"Trouble, trouble, trouble, I've had it all my days"
blues,blues.00071.wav,71,"If the blues was money, I'd be a millionaire"
blues,blues.00072.wav,72,"She caught the Katy, left me a mule to ride"
blues,blues.00073.wav,73,"I'm a king bee, buzzing around your hive"
blues,blues.00084.wav,84,"Cold cold ground, gonna lay me down"
blues,blues.00085.wav,85,"My baby's sweet as apple cider, she's sweeter than a cherry pie"
blues,blues.00086.wav,86,"Rainy night in Georgia, seems like it's raining all over the world"
blues,blues.00087.wav,87,"Born under a bad sign, I been down since I began to crawl"
blues,blues.00088.wav,88,"Nobody knows you when you're down and out"
blues,blues.00089.wav,89,"Got my mojo working, but it just won't work on you"
blues,blues.00090.wav,90,"Why I sing the blues, just look around you, it's plain to see"
blues,blues.00091.wav,91,"Spoonful, just a little spoonful"
blues,blues.00092.wav,92,"I'm your hoochie coochie man, everybody knows I am"
blues,blues.00093.wav,93,"Mannish boy, I'm a man, I'm a full grown man"
blues,blues.00094.wav,94,"The thrill is gone, the thrill is gone away"
blues,blues.00095.wav,95,"Every day I have the blues, every day I have the blues"
blues,blues.00096.wav,96,"Help the poor, help the poor, won't you help the poor"
blues,blues.00097.wav,97,"Rock me baby, rock me all night long"
blues,blues.00098.wav,98,"Key to the highway, I'm going to leave here running"
blues,blues.00099.wav,99,"Dust my broom, I'm gonna get up in the morning, I believe I'll dust my broom"
classical,classical.00000.wav,0,"[INSTRUMENTAL] Beethoven: Moonlight Sonata Mvt 1"
classical,classical.00001.wav,1,"[INSTRUMENTAL] Mozart: Eine kleine Nachtmusik"
classical,classical.00002.wav,2,"[INSTRUMENTAL] Bach: Air on the G String"
classical,classical.00003.wav,3,"[INSTRUMENTAL] Vivaldi: The Four Seasons - Spring"
classical,classical.00004.wav,4,"[INSTRUMENTAL] Tchaikovsky: Swan Lake Theme"
classical,classical.00005.wav,5,"[INSTRUMENTAL] Pachelbel: Canon in D"
classical,classical.00006.wav,6,"[INSTRUMENTAL] Chopin: Nocturne Op. 9 No. 2"
classical,classical.00007.wav,7,"[INSTRUMENTAL] Debussy: Clair de Lune"
classical,classical.00008.wav,8,"[INSTRUMENTAL] Handel: Messiah - Hallelujah Chorus"
classical,classical.00009.wav,9,"[INSTRUMENTAL] Strauss: The Blue Danube"
classical,classical.00010.wav,10,"[INSTRUMENTAL] Beethoven: Symphony No. 5"
classical,classical.00011.wav,11,"[INSTRUMENTAL] Mozart: Requiem - Lacrimosa"
classical,classical.00012.wav,12,"[INSTRUMENTAL] Bach: Toccata and Fugue in D minor"
classical,classical.00013.wav,13,"[INSTRUMENTAL] Vivaldi: The Four Seasons - Winter"
classical,classical.00014.wav,14,"[INSTRUMENTAL] Tchaikovsky: The Nutcracker - Dance of the Sugar Plum Fairy"
classical,classical.00015.wav,15,"[INSTRUMENTAL] Satie: Gymnopédie No. 1"
classical,classical.00016.wav,16,"[INSTRUMENTAL] Holst: The Planets - Jupiter"
classical,classical.00017.wav,17,"[INSTRUMENTAL] Beethoven: Für Elise"
classical,classical.00018.wav,18,"[INSTRUMENTAL] Mozart: Piano Sonata No. 11 - Turkish March"
classical,classical.00019.wav,19,"[INSTRUMENTAL] Bach: Brandenburg Concerto No. 3"
classical,classical.00020.wav,20,"[INSTRUMENTAL] Vivaldi: The Four Seasons - Summer"
classical,classical.00021.wav,21,"[INSTRUMENTAL] Tchaikovsky: 1812 Overture"
classical,classical.00022.wav,22,"[INSTRUMENTAL] Chopin: Prelude in E minor"
classical,classical.00023.wav,23,"[INSTRUMENTAL] Debussy: Arabesque No. 1"
classical,classical.00024.wav,24,"[INSTRUMENTAL] Handel: Water Music"
classical,classical.00025.wav,25,"[INSTRUMENTAL] Strauss: Also sprach Zarathustra"
classical,classical.00026.wav,26,"[INSTRUMENTAL] Beethoven: Symphony No. 9 - Ode to Joy"
classical,classical.00027.wav,27,"[INSTRUMENTAL] Mozart: The Marriage of Figaro - Overture"
classical,classical.00028.wav,28,"[INSTRUMENTAL] Bach: Cello Suite No. 1 - Prelude"
classical,classical.00029.wav,29,"[INSTRUMENTAL] Vivaldi: The Four Seasons - Autumn"
classical,classical.00030.wav,30,"[INSTRUMENTAL] Tchaikovsky: Romeo and Juliet Fantasy Overture"
classical,classical.00031.wav,31,"[INSTRUMENTAL] Pachelbel: Canon in D (variation)"
classical,classical.00032.wav,32,"[INSTRUMENTAL] Chopin: Waltz in D-flat major"
classical,classical.00033.wav,33,"[INSTRUMENTAL] Debussy: La fille aux cheveux de lin"
classical,classical.00034.wav,34,"[INSTRUMENTAL] Handel: Music for the Royal Fireworks"
classical,classical.00035.wav,35,"[INSTRUMENTAL] Strauss: Tales from the Vienna Woods"
classical,classical.00036.wav,36,"[INSTRUMENTAL] Beethoven: Piano Sonata No. 14"
classical,classical.00037.wav,37,"[INSTRUMENTAL] Mozart: Symphony No. 40"
classical,classical.00038.wav,38,"[INSTRUMENTAL] Bach: Goldberg Variations - Aria"
classical,classical.00039.wav,39,"[INSTRUMENTAL] Vivaldi: Gloria"
classical,classical.00040.wav,40,"[INSTRUMENTAL] Tchaikovsky: Violin Concerto in D major"
classical,classical.00041.wav,41,"[INSTRUMENTAL] Satie: Gnossienne No. 1"
classical,classical.00042.wav,42,"[INSTRUMENTAL] Holst: The Planets - Mars"
classical,classical.00043.wav,43,"[INSTRUMENTAL] Beethoven: Symphony No. 6 - Pastoral"
classical,classical.00044.wav,44,"[INSTRUMENTAL] Mozart: Clarinet Concerto in A major"
classical,classical.00045.wav,45,"[INSTRUMENTAL] Bach: Violin Partita No. 2 - Chaconne"
classical,classical.00046.wav,46,"[INSTRUMENTAL] Vivaldi: Concerto for Two Trumpets"
classical,classical.00047.wav,47,"[INSTRUMENTAL] Tchaikovsky: Serenade for Strings"
classical,classical.00048.wav,48,"[INSTRUMENTAL] Chopin: Etude Op. 10 No. 3"
classical,classical.00049.wav,49,"[INSTRUMENTAL] Debussy: Prélude à l'après-midi d'un faune"
classical,classical.00050.wav,50,"[INSTRUMENTAL] Handel: Sarabande"
classical,classical.00051.wav,51,"[INSTRUMENTAL] Strauss: Emperor Waltz"
classical,classical.00052.wav,52,"[INSTRUMENTAL] Beethoven: String Quartet No. 14"
classical,classical.00053.wav,53,"[INSTRUMENTAL] Mozart: Horn Concerto No. 4"
classical,classical.00054.wav,54,"[INSTRUMENTAL] Bach: Mass in B minor - Kyrie"
classical,classical.00055.wav,55,"[INSTRUMENTAL] Vivaldi: Stabat Mater"
classical,classical.00056.wav,56,"[INSTRUMENTAL] Tchaikovsky: Piano Concerto No. 1"
classical,classical.00057.wav,57,"[INSTRUMENTAL] Pachelbel: Chaconne in F minor"
classical,classical.00058.wav,58,"[INSTRUMENTAL] Chopin: Ballade No. 1"
classical,classical.00059.wav,59,"[INSTRUMENTAL] Debussy: Images - Reflets dans l'eau"
classical,classical.00060.wav,60,"[INSTRUMENTAL] Handel: Zadok the Priest"
classical,classical.00061.wav,61,"[INSTRUMENTAL] Strauss: Die Fledermaus Overture"
classical,classical.00062.wav,62,"[INSTRUMENTAL] Beethoven: Symphony No. 3 - Eroica"
classical,classical.00063.wav,63,"[INSTRUMENTAL] Mozart: Ave Verum Corpus"
classical,classical.00064.wav,64,"[INSTRUMENTAL] Bach: Christmas Oratorio"
classical,classical.00065.wav,65,"[INSTRUMENTAL] Vivaldi: L'estro armonico"
classical,classical.00066.wav,66,"[INSTRUMENTAL] Tchaikovsky: The Sleeping Beauty Waltz"
classical,classical.00067.wav,67,"[INSTRUMENTAL] Satie: Je te veux"
classical,classical.00068.wav,68,"[INSTRUMENTAL] Holst: The Planets - Venus"
classical,classical.00069.wav,69,"[INSTRUMENTAL] Beethoven: Violin Sonata No. 5 - Spring"
classical,classical.00070.wav,70,"[INSTRUMENTAL] Mozart: Don Giovanni - Overture"
classical,classical.00071.wav,71,"[INSTRUMENTAL] Bach: Italian Concerto"
classical,classical.00072.wav,72,"[INSTRUMENTAL] Vivaldi: Nisi Dominus"
classical,classical.00073.wav,73,"[INSTRUMENTAL] Tchaikovsky: Symphony No. 6 - Pathétique"
classical,classical.00074.wav,74,"[INSTRUMENTAL] Chopin: Polonaise in A-flat major"
classical,classical.00075.wav,75,"[INSTRUMENTAL] Debussy: Suite bergamasque - Passepied"
classical,classical.00076.wav,76,"[INSTRUMENTAL] Handel: Messiah - For Unto Us a Child Is Born"
classical,classical.00077.wav,77,"[INSTRUMENTAL] Strauss: Rosen aus dem Süden"
classical,classical.00078.wav,78,"[INSTRUMENTAL] Beethoven: Piano Concerto No. 5 - Emperor"
classical,classical.00079.wav,79,"[INSTRUMENTAL] Mozart: The Magic Flute - Queen of the Night aria"
classical,classical.00080.wav,80,"[INSTRUMENTAL] Bach: St. Matthew Passion"
classical,classical.00081.wav,81,"[INSTRUMENTAL] Vivaldi: La Follia"
classical,classical.00082.wav,82,"[INSTRUMENTAL] Tchaikovsky: Capriccio Italien"
classical,classical.00083.wav,83,"[INSTRUMENTAL] Pachelbel: Hexachordum Apollinis"
classical,classical.00084.wav,84,"[INSTRUMENTAL] Chopin: Mazurka in B-flat major"
classical,classical.00085.wav,85,"[INSTRUMENTAL] Debussy: Children's Corner - Doctor Gradus ad Parnassum"
classical,classical.00086.wav,86,"[INSTRUMENTAL] Handel: Organ Concerto Op. 7 No. 1"
classical,classical.00087.wav,87,"[INSTRUMENTAL] Strauss: Wiener Blut"
classical,classical.00088.wav,88,"[INSTRUMENTAL] Beethoven: Diabelli Variations"
classical,classical.00089.wav,89,"[INSTRUMENTAL] Mozart: Symphony No. 41 - Jupiter"
classical,classical.00090.wav,90,"[INSTRUMENTAL] Bach: The Art of Fugue"
classical,classical.00091.wav,91,"[INSTRUMENTAL] Vivaldi: Concerto for Mandolin"
classical,classical.00092.wav,92,"[INSTRUMENTAL] Tchaikovsky: The Seasons - June Barcarolle"
classical,classical.00093.wav,93,"[INSTRUMENTAL] Satie: Parade"
classical,classical.00094.wav,94,"[INSTRUMENTAL] Holst: The Planets - Mercury"
classical,classical.00095.wav,95,"[INSTRUMENTAL] Beethoven: Missa Solemnis"
classical,classical.00096.wav,96,"[INSTRUMENTAL] Mozart: Sinfonia Concertante"
classical,classical.00097.wav,97,"[INSTRUMENTAL] Bach: Magnificat"
classical,classical.00098.wav,98,"[INSTRUMENTAL] Vivaldi: Dixit Dominus"
classical,classical.00099.wav,99,"[INSTRUMENTAL] Tchaikovsky: Manfred Symphony"
country,country.00000.wav,0,"Down a dusty road, with my guitar in hand, Heading back to the place where I began"
country,country.00001.wav,1,"She took my heart when she took my truck, Now I'm walking down this road with nothing but bad luck"
country,country.00002.wav,2,"Grandpa's old guitar, stories in the wood, Playing songs he taught me just like he said I should"
country,country.00003.wav,3,"Mama's homemade pie cooling on the sill, Country living, gives me such a thrill"
country,country.00004.wav,4,"Pickup truck and a six-pack, heading for the lake, That's the only kind of vacation I'll take"
country,country.00005.wav,5,"Honky tonk angels singing songs of pain, Washing down my sorrows in the pouring rain"
country,country.00006.wav,6,"Old dirt road leads to my front door, Can't ask for nothing more"
country,country.00007.wav,7,"Blue jeans and cowboy boots, that's my style, Living life with a country mile smile"
country,country.00008.wav,8,"She left a note on the kitchen table, Said she found somebody who was more stable"
country,country.00009.wav,9,"Friday night lights, high school game, Nothing in this whole wide world's the same"
country,country.00010.wav,10,"Whiskey river take my mind, Don't let her memory torture me this way"
country,country.00011.wav,11,"Rain is a good thing, makes the corn grow, Makes my baby's hair curl just so"
country,country.00012.wav,12,"She thinks my tractor's sexy, it really turns her on, She's always staring at me from the front porch till dawn"
country,country.00013.wav,13,"Chattahoochee, it gets hotter than a hoochie coochie"
country,country.00014.wav,14,"I'm gonna love you forever and ever, Forever and ever, amen"
country,country.00015.wav,15,"You're still the one I run to, the one that I belong to"
country,country.00016.wav,16,"Boot scootin' boogie, get down, turn around, go to town"
country,country.00017.wav,17,"Friends in low places where the whiskey drowns and the beer chases my blues away"
country,country.00018.wav,18,"A country boy can survive, yes sir"
country,country.00019.wav,19,"Mama's don't let your babies grow up to be cowboys"
country,country.00020.wav,20,"I walk the line, because you're mine"
country,country.00021.wav,21,"Ring of fire, and it burns burns burns"
country,country.00022.wav,22,"He stopped loving her today, they placed a wreath upon his door"
country,country.00023.wav,23,"Always on my mind, you are always on my mind"
country,country.00024.wav,24,"The dance we shared 'neath the stars above"
country,country.00025.wav,25,"Crazy for feeling so lonely, I'm crazy for feeling so blue"
country,country.00026.wav,26,"Your cheating heart will tell on you"
country,country.00027.wav,27,"Stand by your man, and show the world you love him"
country,country.00028.wav,28,"Coal miner's daughter, from a cabin on a hill in Butcher Holler"
country,country.00029.wav,29,"Jolene, Jolene, Jolene, Jolene, I'm begging of you please don't take my man"
country,country.00030.wav,30,"9 to 5, what a way to make a living"
country,country.00031.wav,31,"Islands in the stream, that is what we are"
country,country.00032.wav,32,"When you say nothing at all, it's amazing"
country,country.00033.wav,33,"I hope you dance, I hope you dance"
country,country.00034.wav,34,"Live like you were dying, like tomorrow was a gift"
country,country.00035.wav,35,"The thunder rolls and the lightning strikes"
country,country.00036.wav,36,"Check yes or no, do you love me, do you wanna be my friend"
country,country.00037.wav,37,"She's in love with the boy, and even if they have to run away"
country,country.00038.wav,38,"Bless the broken road that led me straight to you"
country,country.00039.wav,39,"It's your love, it just does something to me"
country,country.00040.wav,40,"I cross my heart and promise to, give all I've got to give"
country,country.00041.wav,41,"Neon moon, if you lose your one and only"
country,country.00042.wav,42,"Amarillo by morning, up from San Antone"
country,country.00043.wav,43,"All my ex's live in Texas, and Texas is the place I'd dearly love to be"
country,country.00044.wav,44,"Luckenbach, Texas, back to the basics of love"
country,country.00045.wav,45,"Mammas don't let your babies grow up to be cowboys, don't let 'em pick guitars and drive them old trucks"
country,country.00046.wav,46,"The gambler, you got to know when to hold 'em, know when to fold 'em"
country,country.00047.wav,47,"On the road again, just can't wait to get on the road again"
country,country.00048.wav,48,"Blue eyes crying in the rain"
country,country.00049.wav,49,"You picked a fine time to leave me, Lucille"
country,country.00050.wav,50,"Hello darlin', nice to see you, it's been a long time"
country,country.00051.wav,51,"Behind closed doors, we let it all go"
country,country.00052.wav,52,"Don't it make my brown eyes blue"
country,country.00053.wav,53,"Delta dawn, what's that flower you have on"
country,country.00054.wav,54,"She's got you, and I've got memories"
country,country.00055.wav,55,"Heaven's just a sin away, I'm getting closer every day"
country,country.00056.wav,56,"Eighteen wheels and a dozen roses"
country,country.00057.wav,57,"Every light in the house is on, waiting for you to come home"
country,country.00058.wav,58,"I'm no stranger to the rain, I'm a friend of thunder"
country,country.00059.wav,59,"Seven Spanish angels, at the altar of the sun"
country,country.00060.wav,60,"Should've been a cowboy, should've learned to rope and ride"
country,country.00061.wav,61,"Strawberry wine, seventeen, the hot July moon"
country,country.00062.wav,62,"Wide open spaces, room to make a big mistake"
country,country.00063.wav,63,"Man! I feel like a woman!"
country,country.00064.wav,64,"There's a tear in my beer, 'cause I'm crying for you dear"
country,country.00065.wav,65,"You've never been this far before"
country,country.00066.wav,66,"The chair, I just came to get my hat, I didn't come to stare"
country,country.00067.wav,67,"Love without end, amen"
country,country.00068.wav,68,"Does Fort Worth ever cross your mind"
country,country.00069.wav,69,"Why didn't I think of that, why didn't I think of that"
country,country.00070.wav,70,"Swingin', like a pendulum do"
country,country.00071.wav,71,"Lookin' for love in all the wrong places"
country,country.00072.wav,72,"I can't help it if I'm still in love with you"
country,country.00073.wav,73,"I'm so lonesome I could cry"
country,country.00074.wav,74,"Your good girl's gonna go bad"
country,country.00075.wav,75,"Kiss an angel good morning, and love her like the devil when you get back home"
country,country.00076.wav,76,"She's actin' single, I'm drinkin' doubles"
country,country.00077.wav,77,"I've got a tiger by the tail, it's plain to see"
country,country.00078.wav,78,"My Maria, don't you know I've come a long, long way"
country,country.00079.wav,79,"The race is on and here comes pride up the back stretch"
country,country.00080.wav,80,"Sixteen tons, what do you get, another day older and deeper in debt"
country,country.00081.wav,81,"Tennessee whiskey, you're as smooth as Tennessee whiskey"
country,country.00082.wav,82,"Coat of many colors, my mama made for me"
country,country.00083.wav,83,"She believes in me, while I'm wandering around"
country,country.00084.wav,84,"For the good times, lay your head upon my pillow"
country,country.00085.wav,85,"Whiskey bottle empty, memories still full, Of that summer love that made my heart pull"
country,country.00086.wav,86,"I came to say The reason that I'm doing all the crazy things I'm doing is because I really care about you girls. And I'm telling this..."
country,country.00087.wav,87,"Big green tractor, I can drive you all night long"
country,country.00088.wav,88,"Small town Saturday night, get a little crazy"
country,country.00089.wav,89,"Daddy's hands were soft and kind when I was crying"
country,country.00090.wav,90,"If tomorrow never comes, will she know how much I loved her"
country,country.00091.wav,91,"The devil went down to Georgia, he was looking for a soul to steal"
country,country.00092.wav,92,"I'm gonna miss her, when I get home"
country,country.00093.wav,93,"When I think about angels, I think about you"
country,country.00094.wav,94,"That's my story and I'm sticking to it"
country,country.00095.wav,95,"I'm from the country and I like it that way"
country,country.00096.wav,96,"My front porch looking in, that's the view I like the best"
country,country.00097.wav,97,"She's everything I ever wanted, she's everything I need"
country,country.00098.wav,98,"Long neck ice cold beer never broke my heart"
country,country.00099.wav,99,"You're gonna miss this, you're gonna want this back"
disco,disco.00000.wav,0,"Saturday night fever, dancing till the dawn, Disco ball spinning, where the party's born"
disco,disco.00001.wav,1,"Get down, boogie oogie oogie, you can't stop the feeling"
disco,disco.00002.wav,2,"Stayin' alive, stayin' alive, ah ah ah ah"
disco,disco.00003.wav,3,"You should be dancing, yeah, dancing yeah"
disco,disco.00004.wav,4,"I will survive, as long as I know how to love I know I'll stay alive"
disco,disco.00005.wav,5,"Le freak, c'est chic, freak out"
disco,disco.00006.wav,6,"We are family, I got all my sisters with me"
disco,disco.00007.wav,7,"Hot stuff, baby this evening, I need some hot stuff baby tonight"
disco,disco.00008.wav,8,"Good times, these are the good times"
disco,disco.00009.wav,9,"Don't leave me this way, I can't survive, I can't stay alive"
disco,disco.00010.wav,10,"Boogie wonderland, dance boogie wonderland"
disco,disco.00011.wav,11,"He's the greatest dancer, that I've ever seen"
disco,disco.00012.wav,12,"Ring my bell, ring my bell"
disco,disco.00013.wav,13,"Shake your groove thing, shake your groove thing yeah yeah"
disco,disco.00014.wav,14,"Dancing queen, young and sweet, only seventeen"
disco,disco.00015.wav,15,"Funky town, gotta make a move to a town that's right for me"
disco,disco.00016.wav,16,"I'm your boogie man, that's what I am"
disco,disco.00017.wav,17,"Turn the beat around, love to hear percussion"
disco,disco.00018.wav,18,"More more more, how do you like it, how do you like it"
disco,disco.00019.wav,19,"That's the way I like it, uh huh, uh huh"
disco,disco.00020.wav,20,"Love hangover, I got a love hangover"
disco,disco.00021.wav,21,"Love to love you baby, love to love you baby"
disco,disco.00022.wav,22,"Last dance, last chance for love"
disco,disco.00023.wav,23,"Rock the boat, don't rock the boat baby"
disco,disco.00024.wav,24,"Car wash, working at the car wash yeah"
disco,disco.00025.wav,25,"Fly robin fly, up up to the sky"
disco,disco.00026.wav,26,"Bad girls, talking about the sad girls"
disco,disco.00027.wav,27,"Knock on wood, it's like thunder, lightning"
disco,disco.00028.wav,28,"Love train, people all over the world"
disco,disco.00029.wav,29,"I feel love, I feel love, I feel love"
disco,disco.00030.wav,30,"Super freak, she's super freaky yow"
disco,disco.00031.wav,31,"Y.M.C.A., it's fun to stay at the Y.M.C.A."
disco,disco.00032.wav,32,"Saturday night fever, dancing till the dawn, Disco ball spinning, where the party's born"
disco,disco.00033.wav,33,"You get me love. I know the last for us. Dubi dubi.Yes you must be away back in my life. I know the last for us."
disco,disco.00034.wav,34,"Shake shake shake, shake your booty"
disco,disco.00035.wav,35,"Get off, get off get off get off of my cloud"
disco,disco.00036.wav,36,"You sexy thing, I believe in miracles"
disco,disco.00037.wav,37,"I love the nightlife, I got to boogie"
disco,disco.00038.wav,38,"Got to give it up, party people in the house"
disco,disco.00039.wav,39,"Do it 'til you're satisfied, do it do it 'til you're satisfied"
disco,disco.00040.wav,40,"Best of my love, you bring the best out of me"
disco,disco.00041.wav,41,"Got to be real, got to be real"
disco,disco.00042.wav,42,"Boogie nights, boogie nights"
disco,disco.00043.wav,43,"Dance dance dance, dance dance dance"
disco,disco.00044.wav,44,"Shame shame shame, shame on you"
disco,disco.00045.wav,45,"I will survive, I will survive hey hey"
disco,disco.00046.wav,46,"Get down on it, get down on it"
disco,disco.00047.wav,47,"Play that funky music, white boy"
disco,disco.00048.wav,48,"Brick house, she's a brick house"
disco,disco.00049.wav,49,"Supernature, once upon a time"
disco,disco.00050.wav,50,"Rock your baby, rock your baby"
disco,disco.00051.wav,51,"Get up and boogie, get up and boogie"
disco,disco.00052.wav,52,"Heaven must be missing an angel"
disco,disco.00053.wav,53,"You make me feel like dancing"
disco,disco.00054.wav,54,"Love is in the air, everywhere I look around"
disco,disco.00055.wav,55,"Never can say goodbye, no no no no"
disco,disco.00056.wav,56,"Take me home tonight, I don't want to let you go"
disco,disco.00057.wav,57,"Dancing in the moonlight, everybody's feeling warm and bright"
disco,disco.00058.wav,58,"Ain't no stopping us now, we're on the move"
disco,disco.00059.wav,59,"Love machine, I'm just a love machine"
disco,disco.00060.wav,60,"Boogie oogie oogie, you can't stop the feeling"
disco,disco.00061.wav,61,"I'm every woman, it's all in me"
disco,disco.00062.wav,62,"Get down tonight, get down tonight"
disco,disco.00063.wav,63,"Shake your body down to the ground"
disco,disco.00064.wav,64,"I'm coming out, I want the world to know"
disco,disco.00065.wav,65,"Good times, these are the good times"
disco,disco.00066.wav,66,"Heart of glass, love is so confusing"
disco,disco.00067.wav,67,"Upside down, you're turning me"
disco,disco.00068.wav,68,"Rapper's delight, I said a hip hop"
disco,disco.00069.wav,69,"Don't stop 'til you get enough, don't stop 'til you get enough"
disco,disco.00070.wav,70,"Feel the rhythm, move your feet, To the disco, oh so sweet"
disco,disco.00071.wav,71,"get down tonight, get down tonight"
disco,disco.00072.wav,72,"Disco inferno, burn baby burn"
disco,disco.00073.wav,73,"Love to love you baby, love to love you baby"
disco,disco.00074.wav,74,"Hot stuff, I need hot stuff"
disco,disco.00075.wav,75,"Get up and boogie, that's right"
disco,disco.00076.wav,76,"More more more, how do you like it"
disco,disco.00077.wav,77,"That's the way uh huh uh huh I like it"
disco,disco.00078.wav,78,"Boogie wonderland, dance boogie wonderland"
disco,disco.00079.wav,79,"Stayin' alive, stayin' alive"
disco,disco.00080.wav,80,"You should be dancing, yeah"
disco,disco.00081.wav,81,"I will survive, hey hey"
disco,disco.00082.wav,82,"We are family, I got all my sisters with me"
disco,disco.00083.wav,83,"Le freak, c'est chic"
disco,disco.00084.wav,84,"Good times, these are the good times"
disco,disco.00085.wav,85,"Don't leave me this way, I can't survive"
disco,disco.00086.wav,86,"He's the greatest dancer"
disco,disco.00087.wav,87,"Ring my bell, ring my bell"
disco,disco.00088.wav,88,"Shake your groove thing"
disco,disco.00089.wav,89,"Dancing queen, young and sweet"
disco,disco.00090.wav,90,"Funky town, gotta move to a town"
disco,disco.00091.wav,91,"I'm your boogie man"
disco,disco.00092.wav,92,"Turn the beat around"
disco,disco.00093.wav,93,"More more more"
disco,disco.00094.wav,94,"That's the way I like it"
disco,disco.00095.wav,95,"Love hangover"
disco,disco.00096.wav,96,"Love to love you baby"
disco,disco.00097.wav,97,"Last dance"
disco,disco.00098.wav,98,"Rock the boat"
disco,disco.00099.wav,99,"Car wash yeah"
hiphop,hiphop.00000.wav,0,"Mic check one two, this is for the crew, Making moves, doing what we do"
hiphop,hiphop.00001.wav,1,"From the streets to the beats, never miss a heat, Hip hop rhythm, can't be beat"
hiphop,hiphop.00002.wav,2,"Check the mic, one two, what you gonna do, Hip hop rhythm, fresh and new"
hiphop,hiphop.00003.wav,3,"Straight out the underground, making that sound, Turning heads all around town"
hiphop,hiphop.00004.wav,4,"Beat drops hard, hitting the yard, Living life without a guard"
hiphop,hiphop.00005.wav,5,"Rhymes so tight, burning bright, Rocking mics all through the night"
hiphop,hiphop.00006.wav,6,"Hustle hard, play my cards, Living life without regards"
hiphop,hiphop.00007.wav,7,"Money, fame, the whole scene, Living out the American dream"
hiphop,hiphop.00008.wav,8,"Stacking paper, making moves, Never ever gonna lose"
hiphop,hiphop.00009.wav,9,"From the bottom to the top, Never gonna ever stop"
hiphop,hiphop.00010.wav,10,"Riding through the city lights, Everything feels so right"
hiphop,hiphop.00011.wav,11,"Making waves, setting trends, This is where the story ends"
hiphop,hiphop.00012.wav,12,"Bass so low, you can feel it in your soul, Hip hop music, taking control"
hiphop,hiphop.00013.wav,13,"Rhymes so sick, make you feel the trick, Hip hop music, does the trick"
hiphop,hiphop.00014.wav,14,"From the block to the stage, Turning over a new page"
hiphop,hiphop.00015.wav,15,"Living fast, moving quick, That's my style, that's my trick"
hiphop,hiphop.00016.wav,16,"Making noise, breaking silence, Hip hop music, my defiance"
hiphop,hiphop.00017.wav,17,"Riding beats, dropping rhymes, Making money all the time"
hiphop,hiphop.00018.wav,18,"From the streets, to the elite, Can't nobody take my seat"
hiphop,hiphop.00019.wav,19,"Hip hop life, day and night, Everything's gonna be alright"
hiphop,hiphop.00020.wav,20,"Making history, telling stories, That's what hip hop is for me"
hiphop,hiphop.00021.wav,21,"Riding high, touching sky, Never gonna say goodbye"
hiphop,hiphop.00022.wav,22,"From the ground, to the crown, Never gonna back down"
hiphop,hiphop.00023.wav,23,"Hip hop nation, generation, Taking over the whole nation"
hiphop,hiphop.00024.wav,24,"Beats so fresh, they can't be beat, Hip hop rhythm, can't be beat"
hiphop,hiphop.00025.wav,25,"Making moves, proving points, Hip hop music, disjoints"
hiphop,hiphop.00026.wav,26,"From the heart, to the art, Hip hop music, plays a part"
hiphop,hiphop.00027.wav,27,"Living life, without strife, Hip hop music, is my life"
hiphop,hiphop.00028.wav,28,"Riding beats, feeling heat, Hip hop music, can't be beat"
hiphop,hiphop.00029.wav,29,"Making waves, being brave, Hip hop music, saves"
hiphop,hiphop.00030.wav,30,"From the start, to the finish, Hip hop music, diminish"
hiphop,hiphop.00031.wav,31,"Hip hop beats, hip hop rhymes, Hip hop music, all the time"
hiphop,hiphop.00032.wav,32,"Making noise, making choices, Hip hop music, raises voices"
hiphop,hiphop.00033.wav,33,"From the block, to the top, Hip hop music, never stop"
hiphop,hiphop.00034.wav,34,"Living life, without fear, Hip hop music, is so dear"
hiphop,hiphop.00035.wav,35,"Riding high, touching sky, Hip hop music, never die"
hiphop,hiphop.00036.wav,36,"Making moves, proving points, Hip hop music, disappoints"
hiphop,hiphop.00037.wav,37,"From the heart, to the art, Hip hop music, plays a part"
hiphop,hiphop.00038.wav,38,"Living life, without strife, Hip hop music, is my life"
hiphop,hiphop.00039.wav,39,"Riding beats, feeling heat, Hip hop music, can't be beat"
hiphop,hiphop.00040.wav,40,"Making waves, being brave, Hip hop music, saves"
hiphop,hiphop.00041.wav,41,"From the start, to the finish, Hip hop music, diminish"
hiphop,hiphop.00042.wav,42,"Hip hop beats, hip hop rhymes, Hip hop music, all the time"
hiphop,hiphop.00043.wav,43,"Making noise, making choices, Hip hop music, raises voices"
hiphop,hiphop.00044.wav,44,"From the block, to the top, Hip hop music, never stop"
hiphop,hiphop.00045.wav,45,"Living life, without fear, Hip hop music, is so dear"
hiphop,hiphop.00046.wav,46,"Riding high, touching sky, Hip hop music, never die"
hiphop,hiphop.00047.wav,47,"Making moves, proving points, Hip hop music, disappoints"
hiphop,hiphop.00048.wav,48,"From the heart, to the art, Hip hop music, plays a part"
hiphop,hiphop.00049.wav,49,"Living life, without strife, Hip hop music, is my life"
hiphop,hiphop.00050.wav,50,"Now this is a story all about how, My life got flipped turned upside down"
hiphop,hiphop.00051.wav,51,"I used to read Word Up magazine, Salt'n'Pepa and Heavy D up in the limousine"
hiphop,hiphop.00052.wav,52,"It was all a dream, I used to read Word Up magazine"
hiphop,hiphop.00053.wav,53,"Check out the hook while my DJ revolves it"
hiphop,hiphop.00054.wav,54,"Parents just don't understand"
hiphop,hiphop.00055.wav,55,"You down with O.P.P., yeah you know me"
hiphop,hiphop.00056.wav,56,"I got a story to tell"
hiphop,hiphop.00057.wav,57,"Gin and juice, laid back"
hiphop,hiphop.00058.wav,58,"California love, California knows how to party"
hiphop,hiphop.00059.wav,59,"Nothin' but a G thang, baby"
hiphop,hiphop.00060.wav,60,"Mo money mo problems"
hiphop,hiphop.00061.wav,61,"Hypnotize, straight up shit"
hiphop,hiphop.00062.wav,62,"Big poppa, throw your hands in the air"
hiphop,hiphop.00063.wav,63,"I'll be missing you, every step I take"
hiphop,hiphop.00064.wav,64,"Insane in the membrane, insane got no brain"
hiphop,hiphop.00065.wav,65,"It takes two to make a thing go right"
hiphop,hiphop.00066.wav,66,"Jump jump, the Mac Dad will make you jump jump"
hiphop,hiphop.00067.wav,67,"U can't touch this, stop, Hammer time"
hiphop,hiphop.00068.wav,68,"The message, don't push me 'cause I'm close to the edge"
hiphop,hiphop.00069.wav,69,"Rapper's delight, I said a hip hop"
hiphop,hiphop.00070.wav,70,"The bridge is over, the bridge is over"
hiphop,hiphop.00071.wav,71,"Fight the power, we got to fight the powers that be"
hiphop,hiphop.00072.wav,72,"Paid in full, seven years ago"
hiphop,hiphop.00073.wav,73,"I know you got soul, if you didn't you wouldn't be in here"
hiphop,hiphop.00074.wav,74,"Eric B. is president"
hiphop,hiphop.00075.wav,75,"I need love, love to get me by"
hiphop,hiphop.00076.wav,76,"Bring the noise, bass, how low can you go"
hiphop,hiphop.00077.wav,77,"It's like that, and that's the way it is"
hiphop,hiphop.00078.wav,78,"Me so horny, me love you long time"
hiphop,hiphop.00079.wav,79,"Push it, push it real good"
hiphop,hiphop.00080.wav,80,"Wild thing, you make my heart sing"
hiphop,hiphop.00081.wav,81,"Bust a move, young man"
hiphop,hiphop.00082.wav,82,"Mama said knock you out, don't call it a comeback"
hiphop,hiphop.00083.wav,83,"911 is a joke, don't you think?"
hiphop,hiphop.00084.wav,84,"Rebel without a pause"
hiphop,hiphop.00085.wav,85,"I left my wallet in El Segundo"
hiphop,hiphop.00086.wav,86,"Children's story, once upon a time not long ago"
hiphop,hiphop.00087.wav,87,"The gas face, don't give him the gas face"
hiphop,hiphop.00088.wav,88,"I got it made, special got it made"
hiphop,hiphop.00089.wav,89,"Step in the arena, the beat is phenomenal"
hiphop,hiphop.00090.wav,90,"Live at the barbeque, word to mother"
hiphop,hiphop.00091.wav,91,"Jingling baby, jingling baby"
hiphop,hiphop.00092.wav,92,"Scenario, here we go yo, here we go yo"
hiphop,hiphop.00093.wav,93,"They reminisce over you, T.R.O.Y."
hiphop,hiphop.00094.wav,94,"Shook ones, I only smoke blunts if they're rolled correctly"
hiphop,hiphop.00095.wav,95,"Flava in ya ear, check it out now"
hiphop,hiphop.00096.wav,96,"C.R.E.A.M., dollar dollar bill y'all"
hiphop,hiphop.00097.wav,97,"Protect ya neck, protect ya neck"
hiphop,hiphop.00098.wav,98,"Da mystery of chessboxin'"
hiphop,hiphop.00099.wav,99,"Can I kick it? Yes you can"
jazz,jazz.00000.wav,0,"Saxophone in the moonlight, Everything feels so right tonight"
jazz,jazz.00001.wav,1,"Smooth jazz playing, night is falling, Love is calling, can't you hear"
jazz,jazz.00002.wav,2,"Moonlight on the water, jazz on the breeze, Nothing in this world can put my mind at ease"
jazz,jazz.00003.wav,3,"Trumpet playing soft and low, Where this melody will go, nobody knows"
jazz,jazz.00004.wav,4,"Piano keys, black and white, Playing into the night"
jazz,jazz.00005.wav,5,"Bass line walking, steady beat, Making everything feel so sweet"
jazz,jazz.00006.wav,6,"Drums keeping time, cymbals shine, Everything feels so fine"
jazz,jazz.00007.wav,7,"Jazz club smoke, dimly lit, Where the music perfectly fits"
jazz,jazz.00008.wav,8,"Smooth vocals, velvet tone, Never feeling so alone"
jazz,jazz.00009.wav,9,"Improvisation, making it new, That's what jazz musicians do"
jazz,jazz.00010.wav,10,"Blue notes, bending sound, Making feelings come around"
jazz,jazz.00011.wav,11,"Scat singing, doo bee doo, Making everything feel new"
jazz,jazz.00012.wav,12,"Standards played with feeling, That's what makes jazz so appealing"
jazz,jazz.00013.wav,13,"Bebop fast, notes flying, Never stopping, never dying"
jazz,jazz.00014.wav,14,"Cool jazz, laid back, Never feeling any lack"
jazz,jazz.00015.wav,15,"Hard bop, soulful sound, Making feelings come around"
jazz,jazz.00016.wav,16,"Free jazz, breaking rules, That's what makes it so cool"
jazz,jazz.00017.wav,17,"Fusion jazz, mixing styles, Going on for miles and miles"
jazz,jazz.00018.wav,18,"Latin jazz, rhythm strong, Carrying the night along"
jazz,jazz.00019.wav,19,"Swing jazz, dancing feet, Making everything feel so sweet"
jazz,jazz.00020.wav,20,"Jazz ballad, slow and sweet, Making feelings so complete"
jazz,jazz.00021.wav,21,"Big band sound, full and rich, Making you want to switch"
jazz,jazz.00022.wav,22,"Quartet playing, tight and right, Making everything feel so bright"
jazz,jazz.00023.wav,23,"Trio sound, simple and pure, Making feelings so sure"
jazz,jazz.00024.wav,24,"Solo playing, all alone, Making the night its own"
jazz,jazz.00025.wav,25,"Jazz standards, timeless tunes, Playing under silver moons"
jazz,jazz.00026.wav,26,"Improvised lines, free and clear, Making everything feel so dear"
jazz,jazz.00027.wav,27,"Syncopated rhythm, off the beat, Making everything feel so sweet"
jazz,jazz.00028.wav,28,"Walking bass, steady ground, Making feelings come around"
jazz,jazz.00029.wav,29,"Brush strokes on the drum, soft and light, Making everything feel so right"
jazz,jazz.00030.wav,30,"Piano comping, chords so fine, Making everything feel so divine"
jazz,jazz.00031.wav,31,"Horn section, blaring sound, Making feelings come around"
jazz,jazz.00032.wav,32,"Jazz vocal, smooth and clear, Making everything feel so dear"
jazz,jazz.00033.wav,33,"Scat singing, nonsense words, Making feelings like the birds"
jazz,jazz.00034.wav,34,"Jazz blues, feeling low, Making everything feel so slow"
jazz,jazz.00035.wav,35,"Up tempo jazz, fast and bright, Making everything feel so right"
jazz,jazz.00036.wav,36,"Ballad jazz, slow and sweet, Making feelings so complete"
jazz,jazz.00037.wav,37,"Modal jazz, scales and modes, Carrying emotional episodes"
jazz,jazz.00038.wav,38,"Avant-garde jazz, breaking free, Making you want to see"
jazz,jazz.00039.wav,39,"Jazz fusion, mixing sounds, Making feelings come around"
jazz,jazz.00040.wav,40,"Smooth jazz, easy listening, Making everything glistening"
jazz,jazz.00041.wav,41,"Take five, in 5/4 time, Making everything feel so fine"
jazz,jazz.00042.wav,42,"So what, modal sound, Making feelings come around"
jazz,jazz.00043.wav,43,"Kind of blue, modal jazz, Making everything feel so has"
jazz,jazz.00044.wav,44,"My favorite things, jazz version, Making emotional diversion"
jazz,jazz.00045.wav,45,"Round midnight, Thelonious Monk, Making you feel like a chunk"
jazz,jazz.00046.wav,46,"A love supreme, spiritual jazz, Making everything feel so has"
jazz,jazz.00047.wav,47,"Birdland, weather report, Making feelings come to port"
jazz,jazz.00048.wav,48,"Spain, chick corea, Making you want to see more of"
jazz,jazz.00049.wav,49,"Watermelon man, herbie hancock, Making feelings come around"
jazz,jazz.00050.wav,50,"Take the A train, duke ellington, Making everything feel so fun"
jazz,jazz.00051.wav,51,"In a sentimental mood, duke ellington, Making feelings come around"
jazz,jazz.00052.wav,52,"Strange fruit, billie holiday, Making everything feel so gray"
jazz,jazz.00053.wav,53,"God bless the child, billie holiday, Making feelings come to play"
jazz,jazz.00054.wav,54,"Summertime, gershwin jazz, Making everything feel so has"
jazz,jazz.00055.wav,55,"My funny valentine, chet baker, Making feelings come to make her"
jazz,jazz.00056.wav,56,"Blue train, john coltrane, Making feelings come again"
jazz,jazz.00057.wav,57,"Giant steps, john coltrane, Making feelings come again"
jazz,jazz.00058.wav,58,"Naima, john coltrane, Making feelings come again"
jazz,jazz.00059.wav,59,"Goodbye pork pie hat, charles mingus, Making feelings come again"
jazz,jazz.00060.wav,60,"Moanin', art blakey, Making feelings come again"
jazz,jazz.00061.wav,61,"Song for my father, horace silver, Making feelings come again"
jazz,jazz.00062.wav,62,"Cantaloupe island, herbie hancock, Making feelings come again"
jazz,jazz.00063.wav,63,"Mercy mercy mercy, cannonball adderley, Making feelings come again"
jazz,jazz.00064.wav,64,"St. thomas, sonny rollins, Making feelings come again"
jazz,jazz.00065.wav,65,"Blue in green, miles davis, Making feelings come again"
jazz,jazz.00066.wav,66,"Flamenco sketches, miles davis, Making feelings come again"
jazz,jazz.00067.wav,67,"All blues, miles davis, Making feelings come again"
jazz,jazz.00068.wav,68,"Freddie freeloader, miles davis, Making feelings come again"
jazz,jazz.00069.wav,69,"Bitches brew, miles davis, Making feelings come again"
jazz,jazz.00070.wav,70,"Miles runs the voodoo down, Making feelings come around"
jazz,jazz.00071.wav,71,"Spain, chick corea, Making feelings come again"
jazz,jazz.00072.wav,72,"500 miles high, chick corea, Making feelings come again"
jazz,jazz.00073.wav,73,"Light as a feather, chick corea, Making feelings come again"
jazz,jazz.00074.wav,74,"Birdland, weather report, Making feelings come again"
jazz,jazz.00075.wav,75,"Teen town, weather report, Making feelings come again"
jazz,jazz.00076.wav,76,"A remark you made, weather report, Making feelings come again"
jazz,jazz.00077.wav,77,"Palladium, weather report, Making feelings come again"
jazz,jazz.00078.wav,78,"Black market, weather report, Making feelings come again"
jazz,jazz.00079.wav,79,"Elegant people, weather report, Making feelings come again"
jazz,jazz.00080.wav,80,"Watermelon man, herbie hancock, Making feelings come again"
jazz,jazz.00081.wav,81,"Chameleon, herbie hancock, Making feelings come again"
jazz,jazz.00082.wav,82,"Rockit, herbie hancock, Making feelings come again"
jazz,jazz.00083.wav,83,"Butterfly, herbie hancock, Making feelings come again"
jazz,jazz.00084.wav,84,"Maiden voyage, herbie hancock, Making feelings come again"
jazz,jazz.00085.wav,85,"Dolphin dance, herbie hancock, Making feelings come again"
jazz,jazz.00086.wav,86,"The sorcerer, herbie hancock, Making feelings come again"
jazz,jazz.00087.wav,87,"Eye of the hurricane, herbie hancock, Making feelings come again"
jazz,jazz.00088.wav,88,"Speak like a child, herbie hancock, Making feelings come again"
jazz,jazz.00089.wav,89,"Tell me a bedtime story, herbie hancock, Making feelings come again"
jazz,jazz.00090.wav,90,"Actual proof, herbie hancock, Making feelings come again"
jazz,jazz.00091.wav,91,"Palm grease, herbie hancock, Making feelings come again"
jazz,jazz.00092.wav,92,"Hang up your hang ups, herbie hancock, Making feelings come again"
jazz,jazz.00093.wav,93,"Sun touch, herbie hancock, Making feelings come again"
jazz,jazz.00094.wav,94,"4 a.m., herbie hancock, Making feelings come again"
jazz,jazz.00095.wav,95,"Just around the corner, herbie hancock, Making feelings come again"
jazz,jazz.00096.wav,96,"Hidden shadows, herbie hancock, Making feelings come again"
jazz,jazz.00097.wav,97,"Sleeping giant, herbie hancock, Making feelings come again"
jazz,jazz.00098.wav,98,"Hornets, herbie hancock, Making feelings come again"
jazz,jazz.00099.wav,99,"Sly, herbie hancock, Making feelings come again"
metal,metal.00000.wav,0,"Guitars screaming, breaking ground, Heavy metal, profound sound"
metal,metal.00001.wav,1,"Power chords, distortion loud, Breaking through the angry crowd"
metal,metal.00002.wav,2,"Double bass drums, pounding fast, Making this feeling last"
metal,metal.00003.wav,3,"Growling vocals, deep and low, Making everything feel so"
metal,metal.00004.wav,4,"Shredding solos, fingers fly, Reaching for the sky"
metal,metal.00005.wav,5,"Headbanging, hair flying, Never ever dying"
metal,metal.00006.wav,6,"Mosh pit chaos, bodies fly, Reaching for the sky"
metal,metal.00007.wav,7,"Stage diving, crowd surfing, Never ever curving"
metal,metal.00008.wav,8,"Heavy riffs, crushing weight, Sealing our fate"
metal,metal.00009.wav,9,"Screaming vocals, raw and pure, Making feelings so sure"
metal,metal.00010.wav,10,"Blast beats, machine gun fast, Making this feeling last"
metal,metal.00011.wav,11,"Thrash metal, speed and rage, Turning over a new page"
metal,metal.00012.wav,12,"Death metal, guttural growls, Making feelings come around"
metal,metal.00013.wav,13,"Black metal, cold and dark, Making its mark"
metal,metal.00014.wav,14,"Doom metal, slow and heavy, Making everything feel so"
metal,metal.00015.wav,15,"Power metal, epic tales, Never ever fails"
metal,metal.00016.wav,16,"Progressive metal, complex sound, Making feelings come around"
metal,metal.00017.wav,17,"Symphonic metal, orchestral blend, Never ever end"
metal,metal.00018.wav,18,"Folk metal, ancient tales, Never ever fails"
metal,metal.00019.wav,19,"Nu metal, mixing styles, Going on for miles"
metal,metal.00020.wav,20,"Industrial metal, mechanical sound, Making feelings come around"
metal,metal.00021.wav,21,"Metalcore, breakdowns hard, Making feelings come around"
metal,metal.00022.wav,22,"Deathcore, extreme sound, Making feelings come around"
metal,metal.00023.wav,23,"Grindcore, shortest songs, Where nothing belongs"
metal,metal.00024.wav,24,"Sludge metal, dirty sound, Making feelings come around"
metal,metal.00025.wav,25,"Stoner metal, fuzzy riffs, Giving everyone lifts"
metal,metal.00026.wav,26,"Avant-garde metal, breaking rules, That's what makes it so cool"
metal,metal.00027.wav,27,"Gothic metal, dark romance, Giving everyone a chance"
metal,metal.00028.wav,28,"Heavy metal, classic sound, Making feelings come around"
metal,metal.00029.wav,29,"Speed metal, fast and loud, Breaking through the crowd"
metal,metal.00030.wav,30,"Djent, complex rhythms, Making feelings come around"
metal,metal.00031.wav,31,"Neoclassical metal, technical skill, Giving everyone a thrill"
metal,metal.00032.wav,32,"Post-metal, atmospheric sound, Making feelings come around"
metal,metal.00033.wav,33,"Alternative metal, mixing genres, Opening new doors"
metal,metal.00034.wav,34,"Rap metal, mixing styles, Going on for miles"
metal,metal.00035.wav,35,"Christian metal, spiritual sound, Making feelings come around"
metal,metal.00036.wav,36,"Pirate metal, sea shanties, Making everyone feel fancy"
metal,metal.00037.wav,37,"Viking metal, Norse tales, Never ever fails"
metal,metal.00038.wav,38,"Battle metal, war stories, Making everyone feel glorious"
metal,metal.00039.wav,39,"Funeral doom, slowest pace, Making everyone embrace"
metal,metal.00040.wav,40,"Technical death metal, complex sound, Making feelings come around"
metal,metal.00041.wav,41,"Melodic death metal, harmonies, Making everyone feel free"
metal,metal.00042.wav,42,"Symphonic death metal, orchestral blend, Never ever end"
metal,metal.00043.wav,43,"Brutal death metal, extreme sound, Making feelings come around"
metal,metal.00044.wav,44,"Atmospheric black metal, ambient sound, Making feelings come around"
metal,metal.00045.wav,45,"Depressive black metal, suicidal sound, Making feelings come around"
metal,metal.00046.wav,46,"Raw black metal, lo-fi sound, Making feelings come around"
metal,metal.00047.wav,47,"Progressive death metal, complex sound, Making feelings come around"
metal,metal.00048.wav,48,"Groove metal, mid-tempo sound, Making feelings come around"
metal,metal.00049.wav,49,"Crossover thrash, punk influence, Making everyone feel intense"
metal,metal.00050.wav,50,"Master of puppets, I'm pulling your strings"
metal,metal.00051.wav,51,"Enter sandman, exit light"
metal,metal.00052.wav,52,"One, I can't remember anything"
metal,metal.00053.wav,53,"Sad but true, you know it's sad but true"
metal,metal.00054.wav,54,"Nothing else matters, so close no matter how far"
metal,metal.00055.wav,55,"The unforgiven, new blood joins this earth"
metal,metal.00056.wav,56,"Wherever I may roam, where I lay my head is home"
metal,metal.00057.wav,57,"Seek and destroy, searching, seek and destroy"
metal,metal.00058.wav,58,"Fade to black, life it seems will fade away"
metal,metal.00059.wav,59,"For whom the bell tolls, time marches on"
metal,metal.00060.wav,60,"Creeping death, slaves, Hebrews born to serve"
metal,metal.00061.wav,61,"Battery, cannot kill the family"
metal,metal.00062.wav,62,"The four horsemen, time has taken its toll on you"
metal,metal.00063.wav,63,"Ride the lightning, guilty as charged"
metal,metal.00064.wav,64,"Whiplash, adrenaline starts to flow"
metal,metal.00065.wav,65,"Iron man, has he lost his mind"
metal,metal.00066.wav,66,"Paranoid, finished with my woman"
metal,metal.00067.wav,67,"War pigs, generals gathered in their masses"
metal,metal.00068.wav,68,"Heaven and hell, singing the blues"
metal,metal.00069.wav,69,"Crazy train, all aboard"
metal,metal.00070.wav,70,"Mr. crowley, what went on in your head"
metal,metal.00071.wav,71,"Bark at the moon, years spent in torment"
metal,metal.00072.wav,72,"Running with the devil, I found the simple life"
metal,metal.00073.wav,73,"Ace of spades, if you like to gamble"
metal,metal.00074.wav,74,"The trooper, you'll take my life"
metal,metal.00075.wav,75,"Run to the hills, run for your lives"
metal,metal.00076.wav,76,"The number of the beast, woe to you oh earth and sea"
metal,metal.00077.wav,77,"Fear of the dark, I am a man who walks alone"
metal,metal.00078.wav,78,"Hallowed be thy name, I'm waiting in my cold cell"
metal,metal.00079.wav,79,"2 minutes to midnight, the killer's breed or the demon's seed"
metal,metal.00080.wav,80,"Wasted years, from the coast of gold"
metal,metal.00081.wav,81,"Children of the grave, yeah"
metal,metal.00082.wav,82,"Symptom of the universe, yeah"
metal,metal.00083.wav,83,"Snowblind, what you get and what you see"
metal,metal.00084.wav,84,"Sweet leaf, alright now"
metal,metal.00085.wav,85,"Fairies wear boots, you gotta believe me"
metal,metal.00086.wav,86,"Into the void, rocket engines burning fuel so fast"
metal,metal.00087.wav,87,"Electric funeral, reflection of a dying sun"
metal,metal.00088.wav,88,"Hand of doom, now you know the feeling"
metal,metal.00089.wav,89,"Rat salad, alright now"
metal,metal.00090.wav,90,"Sabbath bloody sabbath, nobody's bleeding"
metal,metal.00091.wav,91,"Killing yourself to live, seen a lot of people screaming"
metal,metal.00092.wav,92,"Supernaut, I've seen the future and I've left it behind"
metal,metal.00093.wav,93,"Under the sun, never caring about the weather"
metal,metal.00094.wav,94,"Spiral architect, I am he, the bornless one"
metal,metal.00095.wav,95,"Meglomania, now I have you with me"
metal,metal.00096.wav,96,"The writ, you've always been so fucking special"
metal,metal.00097.wav,97,"Dirty women, city women, they're a dirty women"
metal,metal.00098.wav,98,"Never say die, you never say die"
metal,metal.00099.wav,99,"Die young, do you remember when we were young"
pop,pop.00000.wav,0,"Catchy chorus, melody line, Pop music feeling fine"
pop,pop.00001.wav,1,"Radio playing, top 40 hit, Making everyone submit"
pop,pop.00002.wav,2,"Dance floor moving, lights so bright, Everything feels so right"
pop,pop.00003.wav,3,"Love song playing, heart so true, Everything about you"
pop,pop.00004.wav,4,"Summer anthem, beach and sun, Having so much fun"
pop,pop.00005.wav,5,"Breakup song, tears and pain, Falling like the rain"
pop,pop.00006.wav,6,"Party anthem, Friday night, Everything feels so right"
pop,pop.00007.wav,7,"Ballad slow, emotions high, Reaching for the sky"
pop,pop.00008.wav,8,"Upbeat tempo, happy sound, Making feelings come around"
pop,pop.00009.wav,9,"Synth pop, electronic beat, Making everything feel so sweet"
pop,pop.00010.wav,10,"Bubblegum pop, sweet and light, Making everything feel so bright"
pop,pop.00011.wav,11,"Teen pop, young and free, That's the way it's meant to be"
pop,pop.00012.wav,12,"Pop rock, guitar sound, Making feelings come around"
pop,pop.00013.wav,13,"Pop soul, R&B blend, Never ever end"
pop,pop.00014.wav,14,"Dance pop, four on the floor, Making you want more"
pop,pop.00015.wav,15,"Electropop, synthesizers, Making everyone feel so"
pop,pop.00016.wav,16,"Indie pop, alternative sound, Making feelings come around"
pop,pop.00017.wav,17,"Pop punk, fast and loud, Breaking through the crowd"
pop,pop.00018.wav,18,"Sophisti-pop, smooth and cool, That's the general rule"
pop,pop.00019.wav,19,"Power pop, catchy hooks, Giving everyone looks"
pop,pop.00020.wav,20,"Pop country, crossover sound, Making feelings come around"
pop,pop.00021.wav,21,"Latin pop, rhythm strong, Carrying the night along"
pop,pop.00022.wav,22,"K-pop, Korean sound, Making feelings come around"
pop,pop.00023.wav,23,"J-pop, Japanese style, Making everyone smile"
pop,pop.00024.wav,24,"Europop, European sound, Making feelings come around"
pop,pop.00025.wav,25,"Baroque pop, orchestral blend, Never ever end"
pop,pop.00026.wav,26,"Dream pop, atmospheric sound, Making feelings come around"
pop,pop.00027.wav,27,"Synth-pop, 80s sound, Making feelings come around"
pop,pop.00028.wav,28,"New wave pop, post-punk sound, Making feelings come around"
pop,pop.00029.wav,29,"Britpop, British sound, Making feelings come around"
pop,pop.00030.wav,30,"Girl group pop, harmonies, Making everyone feel free"
pop,pop.00031.wav,31,"Boy band pop, synchronized, Making everyone feel so"
pop,pop.00032.wav,32,"Teen idol pop, young fans, Making feelings come around"
pop,pop.00033.wav,33,"Adult contemporary, smooth sound, Making feelings come around"
pop,pop.00034.wav,34,"Christmas pop, holiday cheer, Making everyone feel so dear"
pop,pop.00035.wav,35,"Novelty pop, funny songs, Where nothing belongs"
pop,pop.00036.wav,36,"One-hit wonder, single hit, That was it"
pop,pop.00037.wav,37,"Mainstream pop, commercial sound, Making feelings come around"
pop,pop.00038.wav,38,"Underground pop, indie sound, Making feelings come around"
pop,pop.00039.wav,39,"Experimental pop, breaking rules, That's what makes it so cool"
pop,pop.00040.wav,40,"Like a virgin, touched for the very first time"
pop,pop.00041.wav,41,"Material girl, living in a material world"
pop,pop.00042.wav,42,"Like a prayer, life is a mystery"
pop,pop.00043.wav,43,"Vogue, strike a pose"
pop,pop.00044.wav,44,"Billie jean, is not my lover"
pop,pop.00045.wav,45,"Beat it, just beat it"
pop,pop.00046.wav,46,"Thriller, 'cause this is thriller"
pop,pop.00047.wav,47,"Bad, bad, really really bad"
pop,pop.00048.wav,48,"The way you make me feel, you really turn me on"
pop,pop.00049.wav,49,"Man in the mirror, I'm starting with the man in the mirror"
pop,pop.00050.wav,50,"Smooth criminal, Annie are you okay"
pop,pop.00051.wav,51,"Black or white, it don't matter if you're black or white"
pop,pop.00052.wav,52,"Heal the world, make it a better place"
pop,pop.00053.wav,53,"You are not alone, I am here with you"
pop,pop.00054.wav,54,"I want it that way, tell me why"
pop,pop.00055.wav,55,"Larger than life, all you people can't you see"
pop,pop.00056.wav,56,"Everybody, everybody, backstreet's back alright"
pop,pop.00057.wav,57,"As long as you love me, I don't care who you are"
pop,pop.00058.wav,58,"Quit playing games, quit playing games with my heart"
pop,pop.00059.wav,59,"Show me the meaning, show me the meaning of being lonely"
pop,pop.00060.wav,60,"I'll never break your heart, I'll never make you cry"
pop,pop.00061.wav,61,"The call, it's not the way I hoped"
pop,pop.00062.wav,62,"Incomplete, empty spaces"
pop,pop.00063.wav,63,"Shape of my heart, if I told you that I loved you"
pop,pop.00064.wav,64,"More than that, more than that"
pop,pop.00065.wav,65,"Drowning, help I'm drowning"
pop,pop.00066.wav,66,"The one, you're the one I want"
pop,pop.00067.wav,67,"Just want you to know, just want you to know"
pop,pop.00068.wav,68,"Crawling back to you, crawling back to you"
pop,pop.00069.wav,69,"We've got it going on, we've got it going on"
pop,pop.00070.wav,70,"All I have to give, all I have to give"
pop,pop.00071.wav,71,"The perfect fan, the perfect fan"
pop,pop.00072.wav,72,"Don't want you back, don't want you back"
pop,pop.00073.wav,73,"The answer to our life, the answer to our life"
pop,pop.00074.wav,74,"Yes I will, yes I will"
pop,pop.00075.wav,75,"Lay down beside me, lay down beside me"
pop,pop.00076.wav,76,"Safest place to hide, safest place to hide"
pop,pop.00077.wav,77,"How did I fall in love with you, how did I fall in love with you"
pop,pop.00078.wav,78,"More than that, more than that"
pop,pop.00079.wav,79,"Rolling, rolling, rolling"
pop,pop.00080.wav,80,"One love, one love"
pop,pop.00081.wav,81,"Get down, get down"
pop,pop.00082.wav,82,"The call, the call"
pop,pop.00083.wav,83,"Incomplete, incomplete"
pop,pop.00084.wav,84,"Shape of my heart, shape of my heart"
pop,pop.00085.wav,85,"More than that, more than that"
pop,pop.00086.wav,86,"Drowning, drowning"
pop,pop.00087.wav,87,"The one, the one"
pop,pop.00088.wav,88,"Just want you to know, just want you to know"
pop,pop.00089.wav,89,"Crawling back to you, crawling back to you"
pop,pop.00090.wav,90,"We've got it going on, we've got it going on"
pop,pop.00091.wav,91,"All I have to give, all I have to give"
pop,pop.00092.wav,92,"The perfect fan, the perfect fan"
pop,pop.00093.wav,93,"Don't want you back, don't want you back"
pop,pop.00094.wav,94,"The answer to our life, the answer to our life"
pop,pop.00095.wav,95,"Yes I will, yes I will"
pop,pop.00096.wav,96,"Lay down beside me, lay down beside me"
pop,pop.00097.wav,97,"Safest place to hide, safest place to hide"
pop,pop.00098.wav,98,"How did I fall in love with you, how did I fall in love with you"
pop,pop.00099.wav,99,"More than that, more than that"
reggae,reggae.00000.wav,0,"One love, one heart, Let's get together and feel alright"
reggae,reggae.00001.wav,1,"Three little birds, by my doorstep, Singing sweet songs, of melodies pure and true"
reggae,reggae.00002.wav,2,"No woman no cry, no woman no cry, Little darling, don't shed no tears"
reggae,reggae.00003.wav,3,"Stir it up, little darling, stir it up"
reggae,reggae.00004.wav,4,"I shot the sheriff, but I did not shoot the deputy"
reggae,reggae.00005.wav,5,"Get up stand up, stand up for your rights"
reggae,reggae.00006.wav,6,"Buffalo soldier, stolen from Africa, brought to America"
reggae,reggae.00007.wav,7,"Redemption song, old pirates yes they rob I"
reggae,reggae.00008.wav,8,"Jammin', I wanna jam it with you"
reggae,reggae.00009.wav,9,"Waiting in vain, for your love"
reggae,reggae.00010.wav,10,"Is this love, that I'm feeling"
reggae,reggae.00011.wav,11,"Sun is shining, the weather is sweet"
reggae,reggae.00012.wav,12,"Could you be loved, and be loved"
reggae,reggae.00013.wav,13,"Exodus, movement of Jah people"
reggae,reggae.00014.wav,14,"One drop, keep on moving"
reggae,reggae.00015.wav,15,"Natural mystic, blowing through the air"
reggae,reggae.00016.wav,16,"Kaya, I feel so high, I even touch the sky"
reggae,reggae.00017.wav,17,"Concrete jungle, where the living is hardest"
reggae,reggae.00018.wav,18,"Satisfy my soul, satisfy my soul"
reggae,reggae.00019.wav,19,"Punky reggae party, punky punky"
reggae,reggae.00020.wav,20,"War, until the philosophy"
reggae,reggae.00021.wav,21,"Them belly full, but we hungry"
reggae,reggae.00022.wav,22,"Africa unite, Africa unite"
reggae,reggae.00023.wav,23,"Zimbabwe, every man gotta right"
reggae,reggae.00024.wav,24,"So much trouble in the world, so much trouble"
reggae,reggae.00025.wav,25,"Rastaman vibration, positive"
reggae,reggae.00026.wav,26,"Easy skanking, skank away"
reggae,reggae.00027.wav,27,"Roots rock reggae, roots rock"
reggae,reggae.00028.wav,28,"Small axe, big tree"
reggae,reggae.00029.wav,29,"Coming in from the cold, coming in"
reggae,reggae.00030.wav,30,"Positive vibration, positive"
reggae,reggae.00031.wav,31,"Natty dread, natty dread"
reggae,reggae.00032.wav,32,"Duppy conqueror, duppy conqueror"
reggae,reggae.00033.wav,33,"400 years, 400 years"
reggae,reggae.00034.wav,34,"No more trouble, no more trouble"
reggae,reggae.00035.wav,35,"Burnin' and lootin', burnin'"
reggae,reggae.00036.wav,36,"I know, I know"
reggae,reggae.00037.wav,37,"Who the cap fit, who the cap fit"
reggae,reggae.00038.wav,38,"Guiltiness, guiltiness"
reggae,reggae.00039.wav,39,"The heathen, the heathen"
reggae,reggae.00040.wav,40,"Running away, running away"
reggae,reggae.00041.wav,41,"Time will tell, time will tell"
reggae,reggae.00042.wav,42,"Crazy baldhead, crazy baldhead"
reggae,reggae.00043.wav,43,"Ride natty ride, ride natty ride"
reggae,reggae.00044.wav,44,"Ambush in the night, ambush in the night"
reggae,reggae.00045.wav,45,"Zion train, Zion train"
reggae,reggae.00046.wav,46,"Forever loving Jah, forever loving Jah"
reggae,reggae.00047.wav,47,"So much things to say, so much things to say"
reggae,reggae.00048.wav,48,"Wake up and live, wake up and live"
reggae,reggae.00049.wav,49,"Give thanks and praises, give thanks and praises"
reggae,reggae.00050.wav,50,"One bright day, one bright day"
reggae,reggae.00051.wav,51,"Stand alone, stand alone"
reggae,reggae.00052.wav,52,"Jump Nyabinghi, jump Nyabinghi"
reggae,reggae.00053.wav,53,"Rastaman live up, Rastaman live up"
reggae,reggae.00054.wav,54,"Babylon system, Babylon system"
reggae,reggae.00055.wav,55,"We and dem, we and dem"
reggae,reggae.00056.wav,56,"Survival, survival"
reggae,reggae.00057.wav,57,"Blackman redemption, Blackman redemption"
reggae,reggae.00058.wav,58,"Keep on moving, keep on moving"
reggae,reggae.00059.wav,59,"Sun is shining, weather is sweet"
reggae,reggae.00060.wav,60,"Could you be loved, and be loved"
reggae,reggae.00061.wav,61,"Exodus, movement of Jah people"
reggae,reggae.00062.wav,62,"One drop, keep on moving"
reggae,reggae.00063.wav,63,"Natural mystic, blowing through the air"
reggae,reggae.00064.wav,64,"Kaya, I feel so high"
reggae,reggae.00065.wav,65,"Concrete jungle, where the living is hardest"
reggae,reggae.00066.wav,66,"Satisfy my soul, satisfy my soul"
reggae,reggae.00067.wav,67,"Punky reggae party, punky punky"
reggae,reggae.00068.wav,68,"War, until the philosophy"
reggae,reggae.00069.wav,69,"Them belly full, but we hungry"
reggae,reggae.00070.wav,70,"Africa unite, Africa unite"
reggae,reggae.00071.wav,71,"Zimbabwe, every man gotta right"
reggae,reggae.00072.wav,72,"So much trouble in the world, so much trouble"
reggae,reggae.00073.wav,73,"Rastaman vibration, positive"
reggae,reggae.00074.wav,74,"Easy skanking, skank away"
reggae,reggae.00075.wav,75,"Roots rock reggae, roots rock"
reggae,reggae.00076.wav,76,"Small axe, big tree"
reggae,reggae.00077.wav,77,"Coming in from the cold, coming in"
reggae,reggae.00078.wav,78,"Positive vibration, positive"
reggae,reggae.00079.wav,79,"Natty dread, natty dread"
reggae,reggae.00080.wav,80,"Duppy conqueror, duppy conqueror"
reggae,reggae.00081.wav,81,"400 years, 400 years"
reggae,reggae.00082.wav,82,"No more trouble, no more trouble"
reggae,reggae.00083.wav,83,"Burnin' and lootin', burnin'"
reggae,reggae.00084.wav,84,"I know, I know"
reggae,reggae.00085.wav,85,"Who the cap fit, who the cap fit"
reggae,reggae.00086.wav,86,"Guiltiness, guiltiness"
reggae,reggae.00087.wav,87,"The heathen, the heathen"
reggae,reggae.00088.wav,88,"Running away, running away"
reggae,reggae.00089.wav,89,"Time will tell, time will tell"
reggae,reggae.00090.wav,90,"Crazy baldhead, crazy baldhead"
reggae,reggae.00091.wav,91,"Ride natty ride, ride natty ride"
reggae,reggae.00092.wav,92,"Ambush in the night, ambush in the night"
reggae,reggae.00093.wav,93,"Zion train, Zion train"
reggae,reggae.00094.wav,94,"Forever loving Jah, forever loving Jah"
reggae,reggae.00095.wav,95,"So much things to say, so much things to say"
reggae,reggae.00096.wav,96,"Wake up and live, wake up and live"
reggae,reggae.00097.wav,97,"Give thanks and praises, give thanks and praises"
reggae,reggae.00098.wav,98,"One bright day, one bright day"
reggae,reggae.00099.wav,99,"Stand alone, stand alone"
rock,rock.00000.wav,0,"Guitar screaming loud, breaking through the crowd, Rock and roll forever, singing proud and loud"
rock,rock.00001.wav,1,"Turn it up to eleven, reaching for the sky, Rock will never die, it just gets amplified"
rock,rock.00002.wav,2,"Power chords ringing, drums beating fast, This rock and roll feeling is built to last"
rock,rock.00003.wav,3,"Stage lights shining, crowd screaming loud, Rock music breaking through the cloud"
rock,rock.00004.wav,4,"Leather jackets, ripped up jeans, Living out our rock and roll dreams"
rock,rock.00005.wav,5,"Headbanging hard, hair flying free, That's how rock and roll's meant to be"
rock,rock.00006.wav,6,"Guitar solo, fingers fly, Reaching for the sky"
rock,rock.00007.wav,7,"Bass line thumping, deep and low, Making the whole place shake and grow"
rock,rock.00008.wav,8,"Drums pounding, steady beat, Making everything feel so complete"
rock,rock.00009.wav,9,"Vocals raw, emotions high, Reaching for the sky"
rock,rock.00010.wav,10,"Classic rock, timeless sound, Making feelings come around"
rock,rock.00011.wav,11,"Hard rock, heavy sound, Making the whole place shake and pound"
rock,rock.00012.wav,12,"Alternative rock, different sound, Making feelings come around"
rock,rock.00013.wav,13,"Punk rock, fast and loud, Breaking through the crowd"
rock,rock.00014.wav,14,"Grunge rock, Seattle sound, Making feelings come around"
rock,rock.00015.wav,15,"Progressive rock, complex sound, Making feelings come around"
rock,rock.00016.wav,16,"Psychedelic rock, trippy sound, Making feelings come around"
rock,rock.00017.wav,17,"Folk rock, acoustic sound, Making feelings come around"
rock,rock.00018.wav,18,"Blues rock, soulful sound, Making feelings come around"
rock,rock.00019.wav,19,"Southern rock, country blend, Never ever end"
rock,rock.00020.wav,20,"Arena rock, big sound, Making feelings come around"
rock,rock.00021.wav,21,"Garage rock, raw sound, Making feelings come around"
rock,rock.00022.wav,22,"Indie rock, alternative sound, Making feelings come around"
rock,rock.00023.wav,23,"Post-rock, instrumental sound, Making feelings come around"
rock,rock.00024.wav,24,"Math rock, complex rhythms, Making feelings come around"
rock,rock.00025.wav,25,"Shoegaze, wall of sound, Making feelings come around"
rock,rock.00026.wav,26,"Emo rock, emotional sound, Making feelings come around"
rock,rock.00027.wav,27,"Pop rock, catchy sound, Making feelings come around"
rock,rock.00028.wav,28,"Art rock, experimental sound, Making feelings come around"
rock,rock.00029.wav,29,"Experimental rock, breaking rules, That's what makes it so cool"
rock,rock.00030.wav,30,"Stairway to heaven, there's a lady who's sure"
rock,rock.00031.wav,31,"Bohemian rhapsody, is this the real life"
rock,rock.00032.wav,32,"Hotel California, on a dark desert highway"
rock,rock.00033.wav,33,"Sweet child o' mine, she's got a smile that it seems"
rock,rock.00034.wav,34,"Back in black, back in black"
rock,rock.00035.wav,35,"Highway to hell, living easy, loving free"
rock,rock.00036.wav,36,"Smoke on the water, we all came out to Montreux"
rock,rock.00037.wav,37,"Whole lotta love, you need coolin'"
rock,rock.00038.wav,38,"Paint it black, I see a red door"
rock,rock.00039.wav,39,"(I Can't Get No) Satisfaction, I can't get no"
rock,rock.00040.wav,40,"Imagine, imagine there's no heaven"
rock,rock.00041.wav,41,"Born to run, in the day we sweat it out"
rock,rock.00042.wav,42,"Like a rolling stone, once upon a time"
rock,rock.00043.wav,43,"Purple haze, purple haze all in my brain"
rock,rock.00044.wav,44,"All along the watchtower, there must be some kind of way out of here"
rock,rock.00045.wav,45,"Light my fire, you know that it would be untrue"
rock,rock.00046.wav,46,"Sympathy for the devil, please allow me to introduce myself"
rock,rock.00047.wav,47,"Gimme shelter, oh a storm is threatening"
rock,rock.00048.wav,48,"Comfortably numb, hello, is there anybody in there"
rock,rock.00049.wav,49,"Wish you were here, so, so you think you can tell"
rock,rock.00050.wav,50,"Another brick in the wall, we don't need no education"
rock,rock.00051.wav,51,"Money, money, it's a crime"
rock,rock.00052.wav,52,"Time, ticking away the moments"
rock,rock.00053.wav,53,"Brain damage, the lunatic is on the grass"
rock,rock.00054.wav,54,"Eclipse, all that you touch"
rock,rock.00055.wav,55,"Breathe, breathe in the air"
rock,rock.00056.wav,56,"Us and them, us and them"
rock,rock.00057.wav,57,"Shine on you crazy diamond, remember when you were young"
rock,rock.00058.wav,58,"Have a cigar, come in here dear boy"
rock,rock.00059.wav,59,"Welcome to the machine, welcome my son"
rock,rock.00060.wav,60,"Dogs, you gotta be crazy"
rock,rock.00061.wav,61,"Sheep, harmonica"
rock,rock.00062.wav,62,"Pigs, big man pig man"
rock,rock.00063.wav,63,"Mother, mother do you think they'll drop the bomb"
rock,rock.00064.wav,64,"Young lust, I am just a new boy"
rock,rock.00065.wav,65,"Nobody home, I've got a little black book"
rock,rock.00066.wav,66,"Hey you, out there in the cold"
rock,rock.00067.wav,67,"Is there anybody out there, is there anybody out there"
rock,rock.00068.wav,68,"Vera, does anybody here remember Vera Lynn"
rock,rock.00069.wav,69,"Bring the boys back home, bring the boys back home"
rock,rock.00070.wav,70,"The trial, good morning worm your honor"
rock,rock.00071.wav,71,"Outside the wall, all alone"
rock,rock.00072.wav,72,"Run like hell, run like hell"
rock,rock.00073.wav,73,"One of these days, one of these days"
rock,rock.00074.wav,74,"Echoes, overhead the albatross"
rock,rock.00075.wav,75,"Set the controls for the heart of the sun, set the controls"
rock,rock.00076.wav,76,"Astronomy domine, lime and limpid green"
rock,rock.00077.wav,77,"Interstellar overdrive, interstellar overdrive"
rock,rock.00078.wav,78,"See Emily play, Emily tries"
rock,rock.00079.wav,79,"Arnold layne, Arnold layne"
rock,rock.00080.wav,80,"Candy and a currant bun, candy and a currant bun"
rock,rock.00081.wav,81,"Chapter 24, chapter 24"
rock,rock.00082.wav,82,"The scarecrow, the scarecrow"
rock,rock.00083.wav,83,"Bike, I've got a bike"
rock,rock.00084.wav,84,"Lucifer sam, Lucifer sam"
rock,rock.00085.wav,85,"Matilda mother, Matilda mother"
rock,rock.00086.wav,86,"Flaming, flaming"
rock,rock.00087.wav,87,"Pow R. Toc H., pow R. toc H."
rock,rock.00088.wav,88,"Take up thy stethoscope and walk, take up thy stethoscope"
rock,rock.00089.wav,89,"Corporal clegg, corporal clegg"
rock,rock.00090.wav,90,"Remember a day, remember a day"
rock,rock.00091.wav,91,"Let there be more light, let there be more light"
rock,rock.00092.wav,92,"Cirrus minor, cirrus minor"
rock,rock.00093.wav,93,"The narrow way, the narrow way"
rock,rock.00094.wav,94,"The grand vizier's garden party, the grand vizier's garden party"
rock,rock.00095.wav,95,"Sysyphus, sysyphus"
rock,rock.00096.wav,96,"Grantchester meadows, grantchester meadows"
rock,rock.00097.wav,97,"Several species of small furry animals, several species"
rock,rock.00098.wav,98,"The gnome, the gnome"
rock,rock.00099.wav,99,"Bike, I've got a bike"